Uniprot	Symbol	siteNumber	ProteinSequence	Compound	CompoundName	SMILES
Q92766-2	RREB1	329	MTSSSPAGLEGSDLSSINTMMSAVMSVGKVTENGGSPQGIKSPSKPPGPNRIGRRNQETKEEKSSYNCPLCEKICTTQHQLTMHIRQHNTDTGGADHSCSICGKSLSSASSLDRHMLVHSGERPYKCTVCGQSFTTNGNMHRHMKIHEKDPNSATATAPPSPLKRRRLSSKRKLSHDAESEREDPAPAKKMVEDGQSGDLEKKADEVFHCPVCFKEFVCKYGLETHMETHSDNPLRCDICCVTFRTHRGLLRHNALVHKQLPRDAMGRPFIQNNPSIPAGFHDLGFTDFSCRKFPRISQAWCETNLRRCISEQHRFVCDTCDKAFPMLCSLALHKQTHVAADQGQEKPQATPLPGDALDQKGFLALLGLQHTKDVRPAPAEEPLPDDNQAIQLQTLKCQLPQDPGCTNLLSLSPFEAASLGGSLTVLPATKDSIKHLSLQPFQKGFIIQPDSSIVVKPISGESAIELADIQQILKMAASAPPQISLPPFSKAPAAPLQAIFKHMPPLKPKPLVTPRTVVATSTPPPLINAQQASPGCISPSLPPPPLKLLKGSVEAASNAHLLQSKSGTQPHAATRLSLQQPRAELPGQPEMKTQLEQDSIIEALLPLSMEAKIKQEITEGELKAFMTAPGGKKTPAMRKVLYPCRFCNQVFAFSGVLRAHVRSHLGISPYQCNICDYIAADKAALIRHLRTHSGERPYICKICHYPFTVKANCERHLRKKHLKATRKDIEKNIEYVSSSAAELVDAFCAPDTVCRLCGEDLKHYRALRIHMRTHCGRGLGGGHKGRKPFECKECSAAFAAKRNCIHHILKQHLHVPEQDIESYVLAADGLGPAEAPAAEASGRGEDSGCAALGDCKPLTAFLEPQNGFLHRGPTQPPPPHVSIKLEPASSFAVDFNEPLDFSQKGLALVQVKQENISFLSPSSLVPYDCSMEPIDLSIPKNFRKGDKDLATPSEAKKPEEEAGSSEQPSPCPAPGPSLPVTLGPSGILESPMAPAPAATPEPPAQPLQGPVQLAVPIYSSALVSSPPLVGSSALLSGTALLRPLRPKPPLLLPKPPVTEELPPLASIAQIISSVSSAPTLLKTKVADPGPASTGSNTTASDSLGGSVPKAATTATPAATTSPKESSEPPAPASSPEAASPTEQGPAGTSKKRGRKRGMRSRPRANSGGVDLDSSGEFASIEKMLATTDTNKFSPFLQTAEDNTQDEVAGAPADHHGPSDEEQGSPPEDKLLRAKRNSYTNCLQKITCPHCPRVFPWASSLQRHMLTHTGQKPFPCQKCDAFFSTKSNCERHQLRKHGVTTCSLRRNGLIPQSKESDVGSHDSTDSQSDAETAAAAGEVLDLTSRDREQPSEGATELRQVAGDAPVEQATAETASPVHREEHGRGESHEPEEEHGTEESTGDADGAEEDASSNQSLDLDFATKLMDFKLAEGDGEAGAGGAASQEQKLACDTCGKSFKFLGTLSRHRKAHGRQEPKDEKGDGASTAEEGPQPAPEQEEKPPETPAEVVESAPGAGEAPAEKLAEETEGPSDGESAAEKRSSEKSDDDKKPKTDSPKSVASKADKRKKVCSVCNKRFWSLQDLTRHMRSHTGERPYKCQTCERTFTLKHSLVRHQRIHQKARHAKHHGKDSDKEERGEEDSENESTHSGNNAVSENEAELAPNASNHMAVTRSRKEGLASATKDCSHREEKVTAGWPSEPGQGDLNPESPAALGQDLLEPRSKRPAHPILATADGASQLVGME	E1879	2-cyano-3-{[(1,3-dimethyl-2,6-dioxo-1,2,3,6-tetrahydropyrimidin-4-yl)methyl]amino}-N-phenylprop-2-enamide	Cn1c(CNC=C(C#N)C(=O)Nc2ccccc2)cc(=O)n(C)c1=O
Q99719	SEPTIN5	300	MSTGLRYKSKLATPEDKQDIDKQYVGFATLPNQVHRKSVKKGFDFTLMVAGESGLGKSTLVHSLFLTDLYKDRKLLSAEERISQTVEILKHTVDIEEKGVKLKLTIVDTPGFGDAVNNTECWKPITDYVDQQFEQYFRDESGLNRKNIQDNRVHCCLYFISPFGHGLRPVDVGFMKALHEKVNIVPLIAKADCLVPSEIRKLKERIREEIDKFGIHVYQFPECDSDEDEDFKQQDRELKESAPFAVIGSNTVVEAKGQRVRGRLYPWGIVEVENQAHCDFVKLRNMLIRTHMHDLKDVTCDVHYENYRAHCIQQMTSKLTQDSRMESPIPILPLPTPDAETEKLIRMKDEELRRMQEMLQRMKQQMQDQ	E2964	2-chloro-N-[4-(dimethylamino)-2-(morpholin-4-yl)pyrimidin-5-yl]acetamide	CN(C)c1nc(ncc1NC(=O)CCl)N2CCOCC2
P38606	ATP6V1A	138	MDFSKLPKILDEDKESTFGYVHGVSGPVVTACDMAGAAMYELVRVGHSELVGEIIRLEGDMATIQVYEETSGVSVGDPVLRTGKPLSVELGPGIMGAIFDGIQRPLSDISSQTQSIYIPRGVNVSALSRDIKWDFTPCKNLRVGSHITGGDIYGIVSENSLIKHKIMLPPRNRGTVTYIAPPGNYDTSDVVLELEFEGVKEKFTMVQVWPVRQVRPVTEKLPANHPLLTGQRVLDALFPCVQGGTTAIPGAFGCGKTVISQSLSKYSNSDVIIYVGCGERGNEMSEVLRDFPELTMEVDGKVESIMKRTALVANTSNMPVAAREASIYTGITLSEYFRDMGYHVSMMADSTSRWAEALREISGRLAEMPADSGYPAYLGARLASFYERAGRVKCLGNPEREGSVSIVGAVSPPGGDFSDPVTSATLGIVQVFWGLDKKLAQRKHFPSVNWLISYSKYMRALDEYYDKHFTEFVPLRTKAKEILQEEEDLAEIVQLVGKASLAETDKITLEVAKLIKDDFLQQNGYTPYDRFCPFYKTVGMLSNMIAFYDMARRAVETTAQSDNKITWSIIREHMGDILYKLSSMKFKDPLKDGEAKIKSDYAQLLEDMQNAFRSLED	CL117	2-(2-chloroacetamido)benzamide	NC(=O)C=1C=CC=CC1NC(=O)CCl
O94788	ALDH1A2	320	MTSSKIEMPGEVKADPAALMASLHLLPSPTPNLEIKYTKIFINNEWQNSESGRVFPVYNPATGEQVCEVQEADKADIDKAVQAARLAFSLGSVWRRMDASERGRLLDKLADLVERDRAVLATMESLNGGKPFLQAFYVDLQGVIKTFRYYAGWADKIHGMTIPVDGDYFTFTRHEPIGVCGQIIPWNFPLLMFAWKIAPALCCGNTVVIKPAEQTPLSALYMGALIKEAGFPPGVINILPGYGPTAGAAIASHIGIDKIAFTGSTEVGKLIQEAAGRSNLKRVTLELGGKSPNIIFADADLDYAVEQAHQGVFFNQGQCCTAGSRIFVEESIYEEFVRRSVERAKRRVVGSPFDPTTEQGPQIDKKQYNKILELIQSGVAEGAKLECGGKGLGRKGFFIEPTVFSNVTDDMRIAKEEIFGPVQEILRFKTMDEVIERANNSDFGLVAAVFTNDINKALTVSSAMQAGTVWINCYNALNAQSPFGGFKMSGNGREMGEFGLREYSEVKTVTVKIPQKNS	CL102	2-chloro-N-[(3-methoxyphenyl)methyl]-N-methylacetamide	COC=1C=CC=C(CN(C)C(=O)CCl)C1
P24752	ACAT1	126	MAVLAALLRSGARSRSPLLRRLVQEIRYVERSYVSKPTLKEVVIVSATRTPIGSFLGSLSLLPATKLGSIAIQGAIEKAGIPKEEVKEAYMGNVLQGGEGQAPTRQAVLGAGLPISTPCTTINKVCASGMKAIMMASQSLMCGHQDVMVAGGMESMSNVPYVMNRGSTPYGGVKLEDLIVKDGLTDVYNKIHMGSCAENTAKKLNIARNEQDAYAINSYTRSKAAWEAGKFGNEVIPVTVTVKGQPDVVVKEDEEYKRVDFSKVPKLKTVFQKENGTVTAANASTLNDGAAALVLMTADAAKRLNVTPLARIVAFADAAVEPIDFPIAPVYAASMVLKDVGLKKEDIAMWEVNEAFSLVVLANIKMLEIDPQKVNINGGAVSLGHPIGMSGARIVGHLTHALKQGEYGLASICNGGGGASAMLIQKL	E1387	2-chloro-N-{4-[(difluoromethyl)sulfanyl]phenyl}acetamide	FC(F)Sc1ccc(NC(=O)CCl)cc1
P24752	ACAT1	126	MAVLAALLRSGARSRSPLLRRLVQEIRYVERSYVSKPTLKEVVIVSATRTPIGSFLGSLSLLPATKLGSIAIQGAIEKAGIPKEEVKEAYMGNVLQGGEGQAPTRQAVLGAGLPISTPCTTINKVCASGMKAIMMASQSLMCGHQDVMVAGGMESMSNVPYVMNRGSTPYGGVKLEDLIVKDGLTDVYNKIHMGSCAENTAKKLNIARNEQDAYAINSYTRSKAAWEAGKFGNEVIPVTVTVKGQPDVVVKEDEEYKRVDFSKVPKLKTVFQKENGTVTAANASTLNDGAAALVLMTADAAKRLNVTPLARIVAFADAAVEPIDFPIAPVYAASMVLKDVGLKKEDIAMWEVNEAFSLVVLANIKMLEIDPQKVNINGGAVSLGHPIGMSGARIVGHLTHALKQGEYGLASICNGGGGASAMLIQKL	E2992	1-[4-(2-chloroacetyl)piperazin-1-yl]-3,3,3-trifluoropropan-1-one	FC(F)(F)CC(=O)N1CCN(CC1)C(=O)CCl
P24752	ACAT1	126	MAVLAALLRSGARSRSPLLRRLVQEIRYVERSYVSKPTLKEVVIVSATRTPIGSFLGSLSLLPATKLGSIAIQGAIEKAGIPKEEVKEAYMGNVLQGGEGQAPTRQAVLGAGLPISTPCTTINKVCASGMKAIMMASQSLMCGHQDVMVAGGMESMSNVPYVMNRGSTPYGGVKLEDLIVKDGLTDVYNKIHMGSCAENTAKKLNIARNEQDAYAINSYTRSKAAWEAGKFGNEVIPVTVTVKGQPDVVVKEDEEYKRVDFSKVPKLKTVFQKENGTVTAANASTLNDGAAALVLMTADAAKRLNVTPLARIVAFADAAVEPIDFPIAPVYAASMVLKDVGLKKEDIAMWEVNEAFSLVVLANIKMLEIDPQKVNINGGAVSLGHPIGMSGARIVGHLTHALKQGEYGLASICNGGGGASAMLIQKL	CL56	2-chloro-N-(4-acetamidophenyl)acetamide	CC(=O)NC=1C=CC(NC(=O)CCl)=CC1
P24752	ACAT1	126	MAVLAALLRSGARSRSPLLRRLVQEIRYVERSYVSKPTLKEVVIVSATRTPIGSFLGSLSLLPATKLGSIAIQGAIEKAGIPKEEVKEAYMGNVLQGGEGQAPTRQAVLGAGLPISTPCTTINKVCASGMKAIMMASQSLMCGHQDVMVAGGMESMSNVPYVMNRGSTPYGGVKLEDLIVKDGLTDVYNKIHMGSCAENTAKKLNIARNEQDAYAINSYTRSKAAWEAGKFGNEVIPVTVTVKGQPDVVVKEDEEYKRVDFSKVPKLKTVFQKENGTVTAANASTLNDGAAALVLMTADAAKRLNVTPLARIVAFADAAVEPIDFPIAPVYAASMVLKDVGLKKEDIAMWEVNEAFSLVVLANIKMLEIDPQKVNINGGAVSLGHPIGMSGARIVGHLTHALKQGEYGLASICNGGGGASAMLIQKL	E1384	2-chloro-N-[3-(methylsulfanyl)phenyl]acetamide	CSc1cccc(NC(=O)CCl)c1
P24752	ACAT1	126	MAVLAALLRSGARSRSPLLRRLVQEIRYVERSYVSKPTLKEVVIVSATRTPIGSFLGSLSLLPATKLGSIAIQGAIEKAGIPKEEVKEAYMGNVLQGGEGQAPTRQAVLGAGLPISTPCTTINKVCASGMKAIMMASQSLMCGHQDVMVAGGMESMSNVPYVMNRGSTPYGGVKLEDLIVKDGLTDVYNKIHMGSCAENTAKKLNIARNEQDAYAINSYTRSKAAWEAGKFGNEVIPVTVTVKGQPDVVVKEDEEYKRVDFSKVPKLKTVFQKENGTVTAANASTLNDGAAALVLMTADAAKRLNVTPLARIVAFADAAVEPIDFPIAPVYAASMVLKDVGLKKEDIAMWEVNEAFSLVVLANIKMLEIDPQKVNINGGAVSLGHPIGMSGARIVGHLTHALKQGEYGLASICNGGGGASAMLIQKL	E1383	2-chloro-N-[4-(difluoromethoxy)phenyl]acetamide	FC(F)Oc1ccc(NC(=O)CCl)cc1
P38606	ATP6V1A	138	MDFSKLPKILDEDKESTFGYVHGVSGPVVTACDMAGAAMYELVRVGHSELVGEIIRLEGDMATIQVYEETSGVSVGDPVLRTGKPLSVELGPGIMGAIFDGIQRPLSDISSQTQSIYIPRGVNVSALSRDIKWDFTPCKNLRVGSHITGGDIYGIVSENSLIKHKIMLPPRNRGTVTYIAPPGNYDTSDVVLELEFEGVKEKFTMVQVWPVRQVRPVTEKLPANHPLLTGQRVLDALFPCVQGGTTAIPGAFGCGKTVISQSLSKYSNSDVIIYVGCGERGNEMSEVLRDFPELTMEVDGKVESIMKRTALVANTSNMPVAAREASIYTGITLSEYFRDMGYHVSMMADSTSRWAEALREISGRLAEMPADSGYPAYLGARLASFYERAGRVKCLGNPEREGSVSIVGAVSPPGGDFSDPVTSATLGIVQVFWGLDKKLAQRKHFPSVNWLISYSKYMRALDEYYDKHFTEFVPLRTKAKEILQEEEDLAEIVQLVGKASLAETDKITLEVAKLIKDDFLQQNGYTPYDRFCPFYKTVGMLSNMIAFYDMARRAVETTAQSDNKITWSIIREHMGDILYKLSSMKFKDPLKDGEAKIKSDYAQLLEDMQNAFRSLED	E2912	1'-(2-chloroacetyl)-6'-fluoro-3',4'-dihydro-1'H-spiro[cyclobutane-1,2'-quinoxalin]-3'-one	Fc1ccc2N(C(=O)CCl)C3(CCC3)C(=O)Nc2c1
